<?xml version="1.0" encoding="UTF-8"?>
<window id="sources-dialog">
    <defaultcontrol>100</defaultcontrol>
    <controls>
        <control type="list" id="100">
            <left>50</left>
            <top>100</top>
            <width>1220</width>
            <height>500</height>
            <viewtype label="535">list</viewtype>
            <itemlayout width="1220" height="50">
                <control type="label">
                    <left>20</left>
                    <top>0</top>
                    <width>1180</width>
                    <height>50</height>
                    <font>font13</font>
                    <label>$INFO[ListItem.Label]</label>
                    <textcolor>$VAR[color]</textcolor>
                </control>
            </itemlayout>
        </control>
        <control type="button" id="101">
            <left>500</left>
            <top>620</top>
            <width>200</width>
            <height>50</height>
            <label>Cancelar</label>
            <font>font13</font>
            <textcolor>white</textcolor>
        </control>
    </controls>
</window>