<addon id="plugin.video.cineroom" version="4.3.1" name="Cineroom" provider-name="Gael">
  <requires>
    <import addon="xbmc.python" version="3.0.0"/>
  </requires>

  <!-- Extensão principal do plugin -->
  <extension point="xbmc.python.pluginsource" library="main.py">
    <provides>video</provides>
  </extension>

  <!-- Metadados do addon -->
  <extension point="xbmc.addon.metadata">
    <summary lang="pt_BR">Agregador de vídeos com foco em praticidade e desempenho.</summary>
    <description lang="pt_BR">
      O Cineroom é uma ferramenta versátil desenvolvida para o Kodi, com o objetivo de organizar e exibir conteúdos de vídeo de forma rápida e intuitiva. Ele permite integrar catálogos externos, navegar por categorias personalizadas, realizar buscas e acessar seus conteúdos favoritos com facilidade. Ideal para quem busca uma experiência de entretenimento fluida, leve e sem complicações.
    </description>
    <disclaimer lang="pt_BR">Este addon é destinado exclusivamente para fins educacionais.</disclaimer>
    <platform>all</platform>
    <license>GPL-3.0-only</license>
    <source>https://github.com/cineroom1/repo.cineroom</source>
    <assets>
      <icon>resources/images/icon.png</icon>
      <fanart>resources/images/fanart.jpg</fanart>
      <screenshot>resources/images/screenshot-1.jpg</screenshot>
      <screenshot>resources/images/screenshot-2.jpg</screenshot>
      <screenshot>resources/images/screenshot-3.jpg</screenshot>
    </assets>
  </extension>
</addon>
